Company,Website,City,Lead_Source,Status
Realestatebees,https://realestatebees.com/resources/wholesalers/tx/dallas/,"Dallas, TX",Web Search,New
Housecashin,https://housecashin.com/directory/real-estate-wholesalers/dallas-tx/,"Dallas, TX",Web Search,New
Keycrew,https://keycrew.co/providers/real-estate-wholesaler/tx/dallas/,"Dallas, TX",Web Search,New
Ntxpropertygroup,https://www.ntxpropertygroup.com/dallas--tx/real-estate-wholesaling-company,"Dallas, TX",Web Search,New
Newwestern,https://www.newwestern.com/wholesale-real-estate/dallas-tx/,"Dallas, TX",Web Search,New
Dfwwholesaleproperties,https://www.dfwwholesaleproperties.com/,"Dallas, TX",Web Search,New
Dfwdealboard,https://www.dfwdealboard.com/,"Dallas, TX",Web Search,New
Browderpropertyinvestments,https://browderpropertyinvestments.com/index.php/wholesale-real-estate-opportunities/,"Dallas, TX",Web Search,New
Sellhomedallas,https://sellhomedallas.com/real-estate-wholesalers-dallas-tx/,"Dallas, TX",Web Search,New
Myhousedeals,https://www.myhousedeals.com/landing/houston-wholesale-properties,"Houston, TX",Web Search,New
Dealmachine,https://www.dealmachine.com/blog/real-estate-wholesalers-in-houston,"Houston, TX",Web Search,New
D7Leadfinder,https://d7leadfinder.com/app/view-leads/25304229/,"Houston, TX",Web Search,New
